size,mean_time (ms),std_dev (ms),number,repeat
5,0.8695472090039402,0.0,1000,1
10,0.8351492499932647,0.0,100,1
